{"__validationErrors":[],"_queryType":"Query","_mutationType":null,"_subscriptionType":null,"_directives":["@include","@skip","@deprecated","@specifiedBy"],"_typeMap":{"AccumulationConfiguration":"AccumulationConfiguration","Agency":"Agency","AgencyChannelType":"AgencyChannelType","AgencyStatus":"AgencyStatus","AgencyType":"AgencyType","AgencyZone":"AgencyZone","Agent":"Agent","AgentCandidate":"AgentCandidate","AgentContract":"AgentContract","AgentEmail":"AgentEmail","AgentFilter":"AgentFilter","AgentFilterKey":"AgentFilterKey","AgentName":"AgentName","AgentProduction":"AgentProduction","AgentRank":"AgentRank","AgentStatus":"AgentStatus","AgentThirdParty":"AgentThirdParty","AgentThirdPartyCompany":"AgentThirdPartyCompany","AgentTraining":"AgentTraining","AllocationType":"AllocationType","AnnuityConfiguration":"AnnuityConfiguration","AnnuityOption":"AnnuityOption","AwsLogin":"AwsLogin","BeneficiaryCode":"BeneficiaryCode","BeneficiaryParty":"BeneficiaryParty","BeneficiaryType":"BeneficiaryType","BillingConfiguration":"BillingConfiguration","BillingMethod":"BillingMethod","Boolean":"Boolean","ChangeStatus":"ChangeStatus","CoverageBenefit":"CoverageBenefit","CoverageCampaign":"CoverageCampaign","CoverageLayer":"CoverageLayer","CoverageLayerStatus":"CoverageLayerStatus","CoverageOption":"CoverageOption","CoveragePremium":"CoveragePremium","CoverageReason":"CoverageReason","CoverageStatus":"CoverageStatus","CoverageType":"CoverageType","CoverageUnderwriting":"CoverageUnderwriting","CoverageUnderwritingRating":"CoverageUnderwritingRating","CoverageUnderwritingStatus":"CoverageUnderwritingStatus","Customer":"Customer","CustomerAddress":"CustomerAddress","CustomerFilterKey":"CustomerFilterKey","CustomerGender":"CustomerGender","CustomerIdentity":"CustomerIdentity","CustomerIdentityType":"CustomerIdentityType","CustomerName":"CustomerName","CustomerPhone":"CustomerPhone","CustomerPolicy":"CustomerPolicy","CustomerPolicyLinkType":"CustomerPolicyLinkType","CustomerSearchCriteria":"CustomerSearchCriteria","CustomerSearchResult":"CustomerSearchResult","DeathBenefitConfiguration":"DeathBenefitConfiguration","DeathBenefitOption":"DeathBenefitOption","DividendConfiguration":"DividendConfiguration","DividendOption":"DividendOption","FilterOperation":"FilterOperation","Float":"Float","Fund":"Fund","FundCurrency":"FundCurrency","FundPrice":"FundPrice","FundTransactionCode":"FundTransactionCode","GiroConfig":"GiroConfig","GiroStatus":"GiroStatus","ID":"ID","InitialPublicOfferingConfiguration":"InitialPublicOfferingConfiguration","InitialPublicOfferingOption":"InitialPublicOfferingOption","Int":"Int","MedicalRequirementRequest":"MedicalRequirementRequest","NewFundOfferConfiguration":"NewFundOfferConfiguration","NewFundOfferOption":"NewFundOfferOption","OtherUnderwriting":"OtherUnderwriting","OutstandingDocument":"OutstandingDocument","PageInfo":"PageInfo","PaidUpAdditions":"PaidUpAdditions","PayForPerformance":"PayForPerformance","PaymentConfiguration":"PaymentConfiguration","PaymentMode":"PaymentMode","PayoutConfig":"PayoutConfig","PayoutMethod":"PayoutMethod","PfpChoiceIndicator":"PfpChoiceIndicator","PfpHealthIndicator":"PfpHealthIndicator","Policy":"Policy","PolicyAgent":"PolicyAgent","PolicyBeneficiary":"PolicyBeneficiary","PolicyConfiguration":"PolicyConfiguration","PolicyCoverage":"PolicyCoverage","PolicyCurrency":"PolicyCurrency","PolicyFilterKey":"PolicyFilterKey","PolicyFinancial":"PolicyFinancial","PolicyFundAllocation":"PolicyFundAllocation","PolicyFundSummary":"PolicyFundSummary","PolicyFundTransactionHistory":"PolicyFundTransactionHistory","PolicyGiroTransaction":"PolicyGiroTransaction","PolicyLayer":"PolicyLayer","PolicyLayerType":"PolicyLayerType","PolicyMonthiversaryCharges":"PolicyMonthiversaryCharges","PolicyPendingFundTransaction":"PolicyPendingFundTransaction","PolicyPremium":"PolicyPremium","PolicyPremiumHoliday":"PolicyPremiumHoliday","PolicyPremiumLayer":"PolicyPremiumLayer","PolicyPremiumTransaction":"PolicyPremiumTransaction","PolicyRole":"PolicyRole","PolicyRoleType":"PolicyRoleType","PolicySearchCriteria":"PolicySearchCriteria","PolicySearchResult":"PolicySearchResult","PolicyServiceRequest":"PolicyServiceRequest","PolicyStatus":"PolicyStatus","PolicySubmission":"PolicySubmission","PolicySubmissionType":"PolicySubmissionType","PolicyTransaction":"PolicyTransaction","PolicyUnderwriting":"PolicyUnderwriting","PolicyUnderwritingChange":"PolicyUnderwritingChange","PremiumDiscount":"PremiumDiscount","PremiumFreezeStatus":"PremiumFreezeStatus","PremiumHoliday":"PremiumHoliday","PremiumIssue":"PremiumIssue","Product":"Product","ProductCategory":"ProductCategory","ProductClaim":"ProductClaim","ProductClaimType":"ProductClaimType","ProductConfiguration":"ProductConfiguration","ProductCurrency":"ProductCurrency","ProductName":"ProductName","ProductPlan":"ProductPlan","ProductionCommission":"ProductionCommission","ProductionCommissionSummary":"ProductionCommissionSummary","ProductionConservation":"ProductionConservation","ProductionDetails":"ProductionDetails","ProductionDetailsSummary":"ProductionDetailsSummary","ProductionTransaction":"ProductionTransaction","Query":"Query","RebalancingConfig":"RebalancingConfig","RecordStatus":"RecordStatus","ServiceRequestFilterKey":"ServiceRequestFilterKey","ServiceRequestSearchCriteria":"ServiceRequestSearchCriteria","SmokerStatus":"SmokerStatus","String":"String","SupplementaryQuestion":"SupplementaryQuestion","SystemInfo":"SystemInfo","SystemUser":"SystemUser","TeamIdentification":"TeamIdentification","TransactionCode":"TransactionCode","TransactionType":"TransactionType","TrustConfiguration":"TrustConfiguration","UndoRedo":"UndoRedo","__Directive":"__Directive","__DirectiveLocation":"__DirectiveLocation","__EnumValue":"__EnumValue","__Field":"__Field","__InputValue":"__InputValue","__Schema":"__Schema","__Type":"__Type","__TypeKind":"__TypeKind"},"_subTypeMap":{},"_implementationsMap":{}}