<?xml version="1.0" encoding="UTF-8"?>
<metadata modelVersion="1.1.0">
  <groupId>com.manulife.ap</groupId>
  <artifactId>rsf-eda-parent</artifactId>
  <version>1.0.0-SNAPSHOT</version>
  <versioning>
    <snapshot>
      <timestamp>20210320.155824</timestamp>
      <buildNumber>4</buildNumber>
    </snapshot>
    <lastUpdated>20210320155837</lastUpdated>
    <snapshotVersions>
      <snapshotVersion>
        <extension>pom</extension>
        <value>1.0.0-20210320.155824-4</value>
        <updated>20210320155824</updated>
      </snapshotVersion>
    </snapshotVersions>
  </versioning>
</metadata>
