{
  "timestamp": "2020-05-13T09:49:47.602Z",
  "fispName": "ABC Insurance Pte Ltd",
  "fisp": "I230D",
  "respCode": "0000",
  "respMessage": "The request fields have missing mandatory or contain invalid parameters.",
  "asOfMonthEndDate": "2021-07-31",
  "policies": [
    {
      "productClass": "Participating",
      "productType": "WholeLife",
      "policyNo": "12345678",
      "surrenderValue": 550000.00,
      "surrenderValuedate": "2021-07-31",
      "nav": 40000.00,
      "navDate": "2021-07-25",
      "policyMaturityDate": "2105-10-31",
      "policyHolder": "123HU 321KU",
      "jointPolicyHolder": null,
      "lifeInsured": [
        "XYZ XYZ XYZ",
        "LMN LMN LMN"
      ],
      "jointLifeInsured": [],
      "secondaryLifeInsured": [
        "GIJK GIJK",
        "PQRST",
        "PQRVT"
      ],
      "beneficaryIndicator": "YES",
      "payer": [
        "JHTK45",
        "FRTYR33",
        "MNW29"
      ],
      "exclusionIndicator": "No",
      "premiumModeFrequency": "Monthly",
      "nextPremiumDueDate": "2021-10-31",
      "nextPremiumAmount": 5000.00,
      "totalPremiumPaid": 25000.00,
      "guaranteedValueAtMaturity": 500000.00,
      "fundsIndicator": "Yes",
      "payoutIndicator": "Yes",
      "plans": [
        {
          "planType": "Basic",
          "productName": "SG Easy Protect",
          "currencyType": "SGD",
          "sumInsured": 300000.00,
          "deathSumInsured": 30000.00,
          "tpdSumInsured": null,
          "ciSumInsured": null,
          "accidentalDeathSumInsured": null,
          "coverageEffectiveDate": "2021-05-22",
          "coverageExpiryDate": "2105-10-31",
          "coveragePremiumAmount": 2000.00,
          "premiumPaymentTerm": 20,
          "paymentMethod": [
            "Autopay(Giro)"
          ],
          "hospitalBenefits": {
            "hospitalRoomBoardPerDay": null,
            "hospitalMaxLimitPerYear": null,
            "hospitalMaxLimitPerLife": null,
            "hospitalWardEntitlement": null
          },
          "payouts": [
            {
              "dateFirstIncomePayout": "2021-07-20",
              "dateFinalIncomePayout": "2021-07-20",
              "latestPayoutAmount": 45777.00,
              "payoutFrequency": "Quarterly",
              "payoutReinvest": "Yes",
			  "totalAccumulatedIncomePayoutAmount": 80000.00
            },
            {
              "dateFirstIncomePayout": "2020-07-20",
              "dateFinalIncomePayout": "2020-07-20",
              "latestPayoutAmount": 25000.00,
              "payoutFrequency": "Annual",
              "payoutReinvest": "No",
			  "totalAccumulatedIncomePayoutAmount": 50000.00
            }
          ]
        },
        {
          "planType": "Rider",
          "productName": "SG Easy Protect Critical",
          "currencyType": "SGD",
          "sumInsured": 20000.00,
          "deathSuminsured": null,
          "tpdSumInsured": null,
          "ciSumInsured": 20000.00,
          "accidentalDeathSumInsured": null,
          "coverageEffectiveDate": "2021-05-22",
          "coverageExpiryDate": "2105-10-31",
          "coveragePremiumAmount": 2000.00,
          "premiumPaymentTerm": 20,
          "paymentMethod": [
            "Autopay(Giro)"
          ],
          "hospitalBenefits": {
            "hospitalRoomBoardPerDay": "As Charged*",
            "hospitalMaxLimitPerYear": "Unlimited",
            "hospitalMaxLimitPerLife": "Unlimited",
            "hospitalWardEntitlement": "Private Hospital - standard room and below"
          },
          "payouts": [
            {
              "dateFirstIncomePayout": "2021-07-20",
              "dateFinalIncomePayout": "2021-07-20",
              "latestPayoutAmount": 45777.00,
              "payoutFrequency": "Quarterly",
              "payoutReinvest": "Yes",
			  "totalAccumulatedIncomePayoutAmount": 55000.00
            }
          ]
        },
        {
          "planType": "Rider",
          "productName": "SG Easy Protect Disability",
          "currencyType": "SGD",
          "sumInsured": 10000.00,
          "deathSumInsured": null,
          "tpdSumInsured": 10000.00,
          "ciSumInsured": null,
          "accidentalDeathSumInsured": null,
          "coverageEffectiveDate": "2021-05-22",
          "coverageExpiryDate": "2105-10-31",
          "coveragePremiumAmount": 2000.00,
          "premiumPaymentTerm": 20,
          "paymentMethod": [
            "Autopay(Giro)"
          ],
          "hospitalBenefits": {
            "hospitalRoomBoardPerDay": "As Charged*",
            "hospitalMaxLimitPerYear": "Unlimited",
            "hospitalMaxLimitPerLife": "Unlimited",
            "hospitalWardEntitlement": "Private Hospital - standard room and below"
          },
          "payouts": [
            {
              "dateFirstIncomePayout": null,
              "dateFinalIncomePayout": null,
              "latestPayoutAmount": null,
              "payoutFrequency": null,
              "payoutReinvest": null,
			  "totalAccumulatedIncomePayoutAmount": null
            }
          ]
        }
      ],
      "funds": [
        {
          "fundName": "SDRT :ASEAN FUND",
          "fundCurrency": "SGD",
          "fundCashValue": 45777.00,
          "fundLastPricedDate": "2021-07-22"
        },
        {
          "fundName": "DSRT : sg smart",
          "fundCurrency": "SGD",
          "fundCashValue": 5677.00,
          "fundLastPricedDate": "2021-07-20"
        }
      ]
    }
  ]
}