<?xml version="1.0" encoding="UTF-8"?>
<settings xmlns="http://maven.apache.org/SETTINGS/1.0.0"
          xmlns:xsi="http://www.w3.org/2001/XMLSchema-instance"
          xsi:schemaLocation="http://maven.apache.org/SETTINGS/1.0.0 http://maven.apache.org/xsd/settings-1.0.0.xsd">
    <pluginGroups>
    </pluginGroups>
    <proxies>        
    </proxies>
    <profiles>
        <profile>
            <id>jgitflow</id>
            <activation>
                <activeByDefault>true</activeByDefault>
            </activation>
            <pluginRepositories>
                <pluginRepository>
                    <id>mvn-repository-central</id>
                    <name>mvn-repository-central</name>
                    <url>http://central.maven.org/maven2</url>
                    <releases>
                        <enabled>true</enabled>
                        <updatePolicy>always</updatePolicy>
                        <checksumPolicy>warn</checksumPolicy>
                    </releases>
                </pluginRepository>
            </pluginRepositories>
        </profile>
    </profiles>
</settings>
