<?xml version="1.0" encoding="UTF-8"?>
<metadata modelVersion="1.1.0">
  <groupId>com.manulife.ap</groupId>
  <artifactId>rsf-eda-core</artifactId>
  <version>1.0.0-SNAPSHOT</version>
  <versioning>
    <snapshot>
      <timestamp>20210602.033356</timestamp>
      <buildNumber>5</buildNumber>
    </snapshot>
    <lastUpdated>20210602033413</lastUpdated>
    <snapshotVersions>
      <snapshotVersion>
        <extension>jar</extension>
        <value>1.0.0-20210602.033356-5</value>
        <updated>20210602033356</updated>
      </snapshotVersion>
      <snapshotVersion>
        <extension>pom</extension>
        <value>1.0.0-20210602.033356-5</value>
        <updated>20210602033356</updated>
      </snapshotVersion>
    </snapshotVersions>
  </versioning>
</metadata>
