<code_scheme name="Default" version="173">
  <DB2CodeStyleSettings version="5">
    <option name="USE_GENERAL_STYLE" value="false" />
    <option name="KEYWORD_CASE" value="1" />
    <option name="IDENTIFIER_CASE" value="1" />
    <option name="TYPE_CASE" value="1" />
    <option name="CUSTOM_TYPE_CASE" value="1" />
    <option name="ALIAS_CASE" value="4" />
    <option name="BUILT_IN_CASE" value="0" />
    <option name="QUERY_TRUE_INDENT" value="false" />
    <option name="QUERY_ALIGN_ELEMENTS" value="false" />
    <option name="QUERY_ALIGN_LINE_COMMENTS" value="false" />
    <option name="INSERT_EL_COMMA" value="2" />
    <option name="SET_EL_WRAP" value="0" />
    <option name="SET_EL_COMMA" value="0" />
    <option name="WITH_EL_WRAP" value="0" />
    <option name="WITH_EL_COMMA" value="0" />
    <option name="SELECT_EL_WRAP" value="3" />
    <option name="SELECT_EL_COMMA" value="2" />
    <option name="FROM_EL_WRAP" value="2" />
    <option name="FROM_EL_COMMA" value="2" />
    <option name="FROM_PLACE_ON" value="10" />
    <option name="WHERE_EL_WRAP" value="3" />
    <option name="WHERE_EL_BOUND" value="2" />
    <option name="ORDER_EL_COMMA" value="2" />
    <option name="TABLE_OPENING" value="1" />
    <option name="TABLE_CONTENT" value="2" />
    <option name="TABLE_CLOSING" value="3" />
    <option name="TABLE_ALTER_INSTRUCTION_ALIGN" value="false" />
    <option name="POST_OPT_WRAP_1" value="true" />
    <option name="POST_OPT_ALIGN" value="false" />
    <option name="ROUTINE_ARG_COMMA" value="2" />
    <option name="ROUTINE_ARG_ALIGN_TYPES" value="true" />
    <option name="IMP_DECLARE_EL_WRAP" value="1" />
    <option name="IMP_IF_THEN_WRAP_THEN" value="true" />
    <option name="CORTEGE_SPACE_BEFORE_L_PAREN" value="false" />
    <option name="EXPR_CASE_WHEN_WRAP" value="false" />
    <option name="EXPR_CASE_THEN_WRAP" value="true" />
    <option name="PRIMARY_KEY_NAME_TEMPLATE" value="{table}_{columns}_pk" />
  </DB2CodeStyleSettings>
  <DerbyCodeStyleSettings version="5">
    <option name="USE_GENERAL_STYLE" value="false" />
    <option name="KEYWORD_CASE" value="1" />
    <option name="IDENTIFIER_CASE" value="1" />
    <option name="TYPE_CASE" value="1" />
    <option name="CUSTOM_TYPE_CASE" value="1" />
    <option name="ALIAS_CASE" value="4" />
    <option name="BUILT_IN_CASE" value="0" />
    <option name="QUERY_TRUE_INDENT" value="false" />
    <option name="QUERY_ALIGN_ELEMENTS" value="false" />
    <option name="QUERY_ALIGN_LINE_COMMENTS" value="false" />
    <option name="INSERT_EL_COMMA" value="2" />
    <option name="SET_EL_WRAP" value="0" />
    <option name="SET_EL_COMMA" value="0" />
    <option name="WITH_EL_WRAP" value="0" />
    <option name="WITH_EL_COMMA" value="0" />
    <option name="SELECT_EL_WRAP" value="3" />
    <option name="SELECT_EL_COMMA" value="2" />
    <option name="FROM_EL_WRAP" value="2" />
    <option name="FROM_EL_COMMA" value="2" />
    <option name="FROM_PLACE_ON" value="10" />
    <option name="WHERE_EL_WRAP" value="3" />
    <option name="WHERE_EL_BOUND" value="2" />
    <option name="ORDER_EL_COMMA" value="2" />
    <option name="TABLE_OPENING" value="1" />
    <option name="TABLE_CONTENT" value="2" />
    <option name="TABLE_CLOSING" value="3" />
    <option name="TABLE_ALTER_INSTRUCTION_ALIGN" value="false" />
    <option name="POST_OPT_WRAP_1" value="true" />
    <option name="POST_OPT_ALIGN" value="false" />
    <option name="ROUTINE_ARG_COMMA" value="2" />
    <option name="ROUTINE_ARG_ALIGN_TYPES" value="true" />
    <option name="IMP_DECLARE_EL_WRAP" value="1" />
    <option name="IMP_IF_THEN_WRAP_THEN" value="true" />
    <option name="CORTEGE_SPACE_BEFORE_L_PAREN" value="false" />
    <option name="EXPR_CASE_WHEN_WRAP" value="false" />
    <option name="EXPR_CASE_THEN_WRAP" value="true" />
    <option name="PRIMARY_KEY_NAME_TEMPLATE" value="{table}_{columns}_pk" />
  </DerbyCodeStyleSettings>
  <H2CodeStyleSettings version="5">
    <option name="USE_GENERAL_STYLE" value="false" />
    <option name="KEYWORD_CASE" value="1" />
    <option name="IDENTIFIER_CASE" value="1" />
    <option name="TYPE_CASE" value="1" />
    <option name="CUSTOM_TYPE_CASE" value="1" />
    <option name="ALIAS_CASE" value="4" />
    <option name="BUILT_IN_CASE" value="0" />
    <option name="QUERY_TRUE_INDENT" value="false" />
    <option name="QUERY_ALIGN_ELEMENTS" value="false" />
    <option name="QUERY_ALIGN_LINE_COMMENTS" value="false" />
    <option name="INSERT_EL_COMMA" value="2" />
    <option name="SET_EL_WRAP" value="0" />
    <option name="SET_EL_COMMA" value="0" />
    <option name="WITH_EL_WRAP" value="0" />
    <option name="WITH_EL_COMMA" value="0" />
    <option name="SELECT_EL_WRAP" value="3" />
    <option name="SELECT_EL_COMMA" value="2" />
    <option name="FROM_EL_WRAP" value="2" />
    <option name="FROM_EL_COMMA" value="2" />
    <option name="FROM_PLACE_ON" value="10" />
    <option name="WHERE_EL_WRAP" value="3" />
    <option name="WHERE_EL_BOUND" value="2" />
    <option name="ORDER_EL_COMMA" value="2" />
    <option name="TABLE_OPENING" value="1" />
    <option name="TABLE_CONTENT" value="2" />
    <option name="TABLE_CLOSING" value="3" />
    <option name="TABLE_ALTER_INSTRUCTION_ALIGN" value="false" />
    <option name="POST_OPT_WRAP_1" value="true" />
    <option name="POST_OPT_ALIGN" value="false" />
    <option name="ROUTINE_ARG_COMMA" value="2" />
    <option name="ROUTINE_ARG_ALIGN_TYPES" value="true" />
    <option name="IMP_DECLARE_EL_WRAP" value="1" />
    <option name="IMP_IF_THEN_WRAP_THEN" value="true" />
    <option name="CORTEGE_SPACE_BEFORE_L_PAREN" value="false" />
    <option name="EXPR_CASE_WHEN_WRAP" value="false" />
    <option name="EXPR_CASE_THEN_WRAP" value="true" />
    <option name="PRIMARY_KEY_NAME_TEMPLATE" value="{table}_{columns}_pk" />
  </H2CodeStyleSettings>
  <H2CodeStyleSettings version="5">
    <option name="USE_GENERAL_STYLE" value="false" />
    <option name="KEYWORD_CASE" value="1" />
    <option name="IDENTIFIER_CASE" value="1" />
    <option name="TYPE_CASE" value="1" />
    <option name="CUSTOM_TYPE_CASE" value="1" />
    <option name="ALIAS_CASE" value="4" />
    <option name="BUILT_IN_CASE" value="0" />
    <option name="QUERY_TRUE_INDENT" value="false" />
    <option name="QUERY_ALIGN_ELEMENTS" value="false" />
    <option name="QUERY_ALIGN_LINE_COMMENTS" value="false" />
    <option name="INSERT_EL_COMMA" value="2" />
    <option name="SET_EL_WRAP" value="0" />
    <option name="SET_EL_COMMA" value="0" />
    <option name="WITH_EL_WRAP" value="0" />
    <option name="WITH_EL_COMMA" value="0" />
    <option name="SELECT_EL_WRAP" value="3" />
    <option name="SELECT_EL_COMMA" value="2" />
    <option name="FROM_EL_WRAP" value="2" />
    <option name="FROM_EL_COMMA" value="2" />
    <option name="FROM_PLACE_ON" value="10" />
    <option name="WHERE_EL_WRAP" value="3" />
    <option name="WHERE_EL_BOUND" value="2" />
    <option name="ORDER_EL_COMMA" value="2" />
    <option name="TABLE_OPENING" value="1" />
    <option name="TABLE_CONTENT" value="2" />
    <option name="TABLE_CLOSING" value="3" />
    <option name="TABLE_ALTER_INSTRUCTION_ALIGN" value="false" />
    <option name="POST_OPT_WRAP_1" value="true" />
    <option name="POST_OPT_ALIGN" value="false" />
    <option name="ROUTINE_ARG_COMMA" value="2" />
    <option name="ROUTINE_ARG_ALIGN_TYPES" value="true" />
    <option name="IMP_DECLARE_EL_WRAP" value="1" />
    <option name="IMP_IF_THEN_WRAP_THEN" value="true" />
    <option name="CORTEGE_SPACE_BEFORE_L_PAREN" value="false" />
    <option name="EXPR_CASE_WHEN_WRAP" value="false" />
    <option name="EXPR_CASE_THEN_WRAP" value="true" />
    <option name="PRIMARY_KEY_NAME_TEMPLATE" value="{table}_{columns}_pk" />
  </H2CodeStyleSettings>
  <HSQLCodeStyleSettings version="5">
    <option name="USE_GENERAL_STYLE" value="false" />
    <option name="KEYWORD_CASE" value="1" />
    <option name="IDENTIFIER_CASE" value="1" />
    <option name="TYPE_CASE" value="1" />
    <option name="CUSTOM_TYPE_CASE" value="1" />
    <option name="ALIAS_CASE" value="4" />
    <option name="BUILT_IN_CASE" value="0" />
    <option name="QUERY_TRUE_INDENT" value="false" />
    <option name="QUERY_ALIGN_ELEMENTS" value="false" />
    <option name="QUERY_ALIGN_LINE_COMMENTS" value="false" />
    <option name="INSERT_EL_COMMA" value="2" />
    <option name="SET_EL_WRAP" value="0" />
    <option name="SET_EL_COMMA" value="0" />
    <option name="WITH_EL_WRAP" value="0" />
    <option name="WITH_EL_COMMA" value="0" />
    <option name="SELECT_EL_WRAP" value="3" />
    <option name="SELECT_EL_COMMA" value="2" />
    <option name="FROM_EL_WRAP" value="2" />
    <option name="FROM_EL_COMMA" value="2" />
    <option name="FROM_PLACE_ON" value="10" />
    <option name="WHERE_EL_WRAP" value="3" />
    <option name="WHERE_EL_BOUND" value="2" />
    <option name="ORDER_EL_COMMA" value="2" />
    <option name="TABLE_OPENING" value="1" />
    <option name="TABLE_CONTENT" value="2" />
    <option name="TABLE_CLOSING" value="3" />
    <option name="TABLE_ALTER_INSTRUCTION_ALIGN" value="false" />
    <option name="POST_OPT_WRAP_1" value="true" />
    <option name="POST_OPT_ALIGN" value="false" />
    <option name="ROUTINE_ARG_COMMA" value="2" />
    <option name="ROUTINE_ARG_ALIGN_TYPES" value="true" />
    <option name="IMP_DECLARE_EL_WRAP" value="1" />
    <option name="IMP_IF_THEN_WRAP_THEN" value="true" />
    <option name="CORTEGE_SPACE_BEFORE_L_PAREN" value="false" />
    <option name="EXPR_CASE_WHEN_WRAP" value="false" />
    <option name="EXPR_CASE_THEN_WRAP" value="true" />
    <option name="PRIMARY_KEY_NAME_TEMPLATE" value="{table}_{columns}_pk" />
  </HSQLCodeStyleSettings>
  <JavaCodeStyleSettings>
    <option name="CLASS_COUNT_TO_USE_IMPORT_ON_DEMAND" value="100" />
    <option name="NAMES_COUNT_TO_USE_IMPORT_ON_DEMAND" value="100" />
  </JavaCodeStyleSettings>
  <MSSQLCodeStyleSettings version="5">
    <option name="USE_GENERAL_STYLE" value="false" />
    <option name="KEYWORD_CASE" value="1" />
    <option name="IDENTIFIER_CASE" value="1" />
    <option name="TYPE_CASE" value="1" />
    <option name="CUSTOM_TYPE_CASE" value="1" />
    <option name="ALIAS_CASE" value="4" />
    <option name="BUILT_IN_CASE" value="0" />
    <option name="QUERY_TRUE_INDENT" value="false" />
    <option name="QUERY_ALIGN_ELEMENTS" value="false" />
    <option name="QUERY_ALIGN_LINE_COMMENTS" value="false" />
    <option name="INSERT_EL_COMMA" value="2" />
    <option name="SET_EL_WRAP" value="0" />
    <option name="SET_EL_COMMA" value="0" />
    <option name="WITH_EL_WRAP" value="0" />
    <option name="WITH_EL_COMMA" value="0" />
    <option name="SELECT_EL_WRAP" value="3" />
    <option name="SELECT_EL_COMMA" value="2" />
    <option name="FROM_EL_WRAP" value="2" />
    <option name="FROM_EL_COMMA" value="2" />
    <option name="FROM_PLACE_ON" value="10" />
    <option name="WHERE_EL_WRAP" value="3" />
    <option name="WHERE_EL_BOUND" value="2" />
    <option name="ORDER_EL_COMMA" value="2" />
    <option name="TABLE_OPENING" value="1" />
    <option name="TABLE_CONTENT" value="2" />
    <option name="TABLE_CLOSING" value="3" />
    <option name="TABLE_ALTER_INSTRUCTION_ALIGN" value="false" />
    <option name="POST_OPT_WRAP_1" value="true" />
    <option name="POST_OPT_ALIGN" value="false" />
    <option name="ROUTINE_ARG_COMMA" value="2" />
    <option name="ROUTINE_ARG_ALIGN_TYPES" value="true" />
    <option name="IMP_DECLARE_EL_WRAP" value="1" />
    <option name="IMP_IF_THEN_WRAP_THEN" value="true" />
    <option name="CORTEGE_SPACE_BEFORE_L_PAREN" value="false" />
    <option name="EXPR_CASE_WHEN_WRAP" value="false" />
    <option name="EXPR_CASE_THEN_WRAP" value="true" />
    <option name="PRIMARY_KEY_NAME_TEMPLATE" value="{table}_{columns}_pk" />
  </MSSQLCodeStyleSettings>
  <MySQLCodeStyleSettings version="5">
    <option name="USE_GENERAL_STYLE" value="false" />
    <option name="KEYWORD_CASE" value="1" />
    <option name="IDENTIFIER_CASE" value="1" />
    <option name="TYPE_CASE" value="1" />
    <option name="CUSTOM_TYPE_CASE" value="1" />
    <option name="ALIAS_CASE" value="4" />
    <option name="BUILT_IN_CASE" value="0" />
    <option name="QUERY_TRUE_INDENT" value="false" />
    <option name="QUERY_ALIGN_ELEMENTS" value="false" />
    <option name="QUERY_ALIGN_LINE_COMMENTS" value="false" />
    <option name="INSERT_EL_COMMA" value="2" />
    <option name="SET_EL_WRAP" value="0" />
    <option name="SET_EL_COMMA" value="0" />
    <option name="WITH_EL_WRAP" value="0" />
    <option name="WITH_EL_COMMA" value="0" />
    <option name="SELECT_EL_WRAP" value="3" />
    <option name="SELECT_EL_COMMA" value="2" />
    <option name="FROM_EL_WRAP" value="2" />
    <option name="FROM_EL_COMMA" value="2" />
    <option name="FROM_PLACE_ON" value="10" />
    <option name="WHERE_EL_WRAP" value="3" />
    <option name="WHERE_EL_BOUND" value="2" />
    <option name="ORDER_EL_COMMA" value="2" />
    <option name="TABLE_OPENING" value="1" />
    <option name="TABLE_CONTENT" value="2" />
    <option name="TABLE_CLOSING" value="3" />
    <option name="TABLE_ALTER_INSTRUCTION_ALIGN" value="false" />
    <option name="POST_OPT_WRAP_1" value="true" />
    <option name="POST_OPT_ALIGN" value="false" />
    <option name="ROUTINE_ARG_COMMA" value="2" />
    <option name="ROUTINE_ARG_ALIGN_TYPES" value="true" />
    <option name="IMP_DECLARE_EL_WRAP" value="1" />
    <option name="IMP_IF_THEN_WRAP_THEN" value="true" />
    <option name="CORTEGE_SPACE_BEFORE_L_PAREN" value="false" />
    <option name="EXPR_CASE_WHEN_WRAP" value="false" />
    <option name="EXPR_CASE_THEN_WRAP" value="true" />
    <option name="PRIMARY_KEY_NAME_TEMPLATE" value="{table}_{columns}_pk" />
  </MySQLCodeStyleSettings>
  <OracleCodeStyleSettings version="5">
    <option name="USE_GENERAL_STYLE" value="false" />
    <option name="KEYWORD_CASE" value="1" />
    <option name="IDENTIFIER_CASE" value="1" />
    <option name="TYPE_CASE" value="1" />
    <option name="CUSTOM_TYPE_CASE" value="1" />
    <option name="ALIAS_CASE" value="4" />
    <option name="BUILT_IN_CASE" value="0" />
    <option name="QUERY_TRUE_INDENT" value="false" />
    <option name="QUERY_ALIGN_ELEMENTS" value="false" />
    <option name="QUERY_ALIGN_LINE_COMMENTS" value="false" />
    <option name="INSERT_EL_COMMA" value="2" />
    <option name="SET_EL_WRAP" value="0" />
    <option name="SET_EL_COMMA" value="0" />
    <option name="WITH_EL_WRAP" value="0" />
    <option name="WITH_EL_COMMA" value="0" />
    <option name="SELECT_EL_WRAP" value="3" />
    <option name="SELECT_EL_COMMA" value="2" />
    <option name="FROM_EL_WRAP" value="2" />
    <option name="FROM_EL_COMMA" value="2" />
    <option name="FROM_PLACE_ON" value="10" />
    <option name="WHERE_EL_WRAP" value="3" />
    <option name="WHERE_EL_BOUND" value="2" />
    <option name="ORDER_EL_COMMA" value="2" />
    <option name="TABLE_OPENING" value="1" />
    <option name="TABLE_CONTENT" value="2" />
    <option name="TABLE_CLOSING" value="3" />
    <option name="TABLE_ALTER_INSTRUCTION_ALIGN" value="false" />
    <option name="POST_OPT_WRAP_1" value="true" />
    <option name="POST_OPT_ALIGN" value="false" />
    <option name="ROUTINE_ARG_COMMA" value="2" />
    <option name="ROUTINE_ARG_ALIGN_TYPES" value="true" />
    <option name="IMP_DECLARE_EL_WRAP" value="1" />
    <option name="IMP_IF_THEN_WRAP_THEN" value="true" />
    <option name="CORTEGE_SPACE_BEFORE_L_PAREN" value="false" />
    <option name="EXPR_CASE_WHEN_WRAP" value="false" />
    <option name="EXPR_CASE_THEN_WRAP" value="true" />
    <option name="PRIMARY_KEY_NAME_TEMPLATE" value="{table}_{columns}_pk" />
  </OracleCodeStyleSettings>
  <PostgresCodeStyleSettings version="5">
    <option name="USE_GENERAL_STYLE" value="false" />
    <option name="KEYWORD_CASE" value="1" />
    <option name="IDENTIFIER_CASE" value="1" />
    <option name="TYPE_CASE" value="1" />
    <option name="CUSTOM_TYPE_CASE" value="1" />
    <option name="ALIAS_CASE" value="4" />
    <option name="BUILT_IN_CASE" value="0" />
    <option name="QUERY_TRUE_INDENT" value="false" />
    <option name="QUERY_ALIGN_ELEMENTS" value="false" />
    <option name="QUERY_ALIGN_LINE_COMMENTS" value="false" />
    <option name="INSERT_EL_COMMA" value="2" />
    <option name="SET_EL_WRAP" value="0" />
    <option name="SET_EL_COMMA" value="0" />
    <option name="WITH_EL_WRAP" value="0" />
    <option name="WITH_EL_COMMA" value="0" />
    <option name="SELECT_EL_WRAP" value="3" />
    <option name="SELECT_EL_COMMA" value="2" />
    <option name="FROM_EL_WRAP" value="2" />
    <option name="FROM_EL_COMMA" value="2" />
    <option name="FROM_PLACE_ON" value="10" />
    <option name="WHERE_EL_WRAP" value="3" />
    <option name="WHERE_EL_BOUND" value="2" />
    <option name="ORDER_EL_COMMA" value="2" />
    <option name="TABLE_OPENING" value="1" />
    <option name="TABLE_CONTENT" value="2" />
    <option name="TABLE_CLOSING" value="3" />
    <option name="TABLE_ALTER_INSTRUCTION_ALIGN" value="false" />
    <option name="POST_OPT_WRAP_1" value="true" />
    <option name="POST_OPT_ALIGN" value="false" />
    <option name="ROUTINE_ARG_COMMA" value="2" />
    <option name="ROUTINE_ARG_ALIGN_TYPES" value="true" />
    <option name="IMP_DECLARE_EL_WRAP" value="1" />
    <option name="IMP_IF_THEN_WRAP_THEN" value="true" />
    <option name="CORTEGE_SPACE_BEFORE_L_PAREN" value="false" />
    <option name="EXPR_CASE_WHEN_WRAP" value="false" />
    <option name="EXPR_CASE_THEN_WRAP" value="true" />
    <option name="PRIMARY_KEY_NAME_TEMPLATE" value="{table}_{columns}_pk" />
  </PostgresCodeStyleSettings>
  <SQLiteCodeStyleSettings version="5">
    <option name="USE_GENERAL_STYLE" value="false" />
    <option name="KEYWORD_CASE" value="1" />
    <option name="IDENTIFIER_CASE" value="1" />
    <option name="TYPE_CASE" value="1" />
    <option name="CUSTOM_TYPE_CASE" value="1" />
    <option name="ALIAS_CASE" value="4" />
    <option name="BUILT_IN_CASE" value="0" />
    <option name="QUERY_TRUE_INDENT" value="false" />
    <option name="QUERY_ALIGN_ELEMENTS" value="false" />
    <option name="QUERY_ALIGN_LINE_COMMENTS" value="false" />
    <option name="INSERT_EL_COMMA" value="2" />
    <option name="SET_EL_WRAP" value="0" />
    <option name="SET_EL_COMMA" value="0" />
    <option name="WITH_EL_WRAP" value="0" />
    <option name="WITH_EL_COMMA" value="0" />
    <option name="SELECT_EL_WRAP" value="3" />
    <option name="SELECT_EL_COMMA" value="2" />
    <option name="FROM_EL_WRAP" value="2" />
    <option name="FROM_EL_COMMA" value="2" />
    <option name="FROM_PLACE_ON" value="10" />
    <option name="WHERE_EL_WRAP" value="3" />
    <option name="WHERE_EL_BOUND" value="2" />
    <option name="ORDER_EL_COMMA" value="2" />
    <option name="TABLE_OPENING" value="1" />
    <option name="TABLE_CONTENT" value="2" />
    <option name="TABLE_CLOSING" value="3" />
    <option name="TABLE_ALTER_INSTRUCTION_ALIGN" value="false" />
    <option name="POST_OPT_WRAP_1" value="true" />
    <option name="POST_OPT_ALIGN" value="false" />
    <option name="ROUTINE_ARG_COMMA" value="2" />
    <option name="ROUTINE_ARG_ALIGN_TYPES" value="true" />
    <option name="IMP_DECLARE_EL_WRAP" value="1" />
    <option name="IMP_IF_THEN_WRAP_THEN" value="true" />
    <option name="CORTEGE_SPACE_BEFORE_L_PAREN" value="false" />
    <option name="EXPR_CASE_WHEN_WRAP" value="false" />
    <option name="EXPR_CASE_THEN_WRAP" value="true" />
    <option name="PRIMARY_KEY_NAME_TEMPLATE" value="{table}_{columns}_pk" />
  </SQLiteCodeStyleSettings>
  <SqlCodeStyleSettings version="5">
    <option name="KEYWORD_CASE" value="1" />
    <option name="IDENTIFIER_CASE" value="1" />
    <option name="TYPE_CASE" value="1" />
    <option name="CUSTOM_TYPE_CASE" value="1" />
    <option name="ALIAS_CASE" value="4" />
    <option name="BUILT_IN_CASE" value="0" />
    <option name="QUERY_TRUE_INDENT" value="false" />
    <option name="QUERY_ALIGN_ELEMENTS" value="false" />
    <option name="QUERY_ALIGN_LINE_COMMENTS" value="false" />
    <option name="INSERT_EL_COMMA" value="2" />
    <option name="SET_EL_WRAP" value="0" />
    <option name="SET_EL_COMMA" value="0" />
    <option name="WITH_EL_WRAP" value="0" />
    <option name="WITH_EL_COMMA" value="0" />
    <option name="SELECT_EL_WRAP" value="3" />
    <option name="SELECT_EL_COMMA" value="2" />
    <option name="FROM_EL_WRAP" value="2" />
    <option name="FROM_EL_COMMA" value="2" />
    <option name="FROM_PLACE_ON" value="10" />
    <option name="WHERE_EL_WRAP" value="3" />
    <option name="WHERE_EL_BOUND" value="2" />
    <option name="ORDER_EL_COMMA" value="2" />
    <option name="TABLE_OPENING" value="1" />
    <option name="TABLE_CONTENT" value="2" />
    <option name="TABLE_CLOSING" value="3" />
    <option name="TABLE_ALTER_INSTRUCTION_ALIGN" value="false" />
    <option name="POST_OPT_WRAP_1" value="true" />
    <option name="POST_OPT_ALIGN" value="false" />
    <option name="ROUTINE_ARG_COMMA" value="2" />
    <option name="ROUTINE_ARG_ALIGN_TYPES" value="true" />
    <option name="IMP_DECLARE_EL_WRAP" value="1" />
    <option name="IMP_IF_THEN_WRAP_THEN" value="true" />
    <option name="CORTEGE_SPACE_BEFORE_L_PAREN" value="false" />
    <option name="EXPR_CASE_WHEN_WRAP" value="false" />
    <option name="EXPR_CASE_THEN_WRAP" value="true" />
    <option name="PRIMARY_KEY_NAME_TEMPLATE" value="{table}_{columns}_pk" />
  </SqlCodeStyleSettings>
  <SybaseCodeStyleSettings version="5">
    <option name="USE_GENERAL_STYLE" value="false" />
    <option name="KEYWORD_CASE" value="1" />
    <option name="IDENTIFIER_CASE" value="1" />
    <option name="TYPE_CASE" value="1" />
    <option name="CUSTOM_TYPE_CASE" value="1" />
    <option name="ALIAS_CASE" value="4" />
    <option name="BUILT_IN_CASE" value="0" />
    <option name="QUERY_TRUE_INDENT" value="false" />
    <option name="QUERY_ALIGN_ELEMENTS" value="false" />
    <option name="QUERY_ALIGN_LINE_COMMENTS" value="false" />
    <option name="INSERT_EL_COMMA" value="2" />
    <option name="SET_EL_WRAP" value="0" />
    <option name="SET_EL_COMMA" value="0" />
    <option name="WITH_EL_WRAP" value="0" />
    <option name="WITH_EL_COMMA" value="0" />
    <option name="SELECT_EL_WRAP" value="3" />
    <option name="SELECT_EL_COMMA" value="2" />
    <option name="FROM_EL_WRAP" value="2" />
    <option name="FROM_EL_COMMA" value="2" />
    <option name="FROM_PLACE_ON" value="10" />
    <option name="WHERE_EL_WRAP" value="3" />
    <option name="WHERE_EL_BOUND" value="2" />
    <option name="ORDER_EL_COMMA" value="2" />
    <option name="TABLE_OPENING" value="1" />
    <option name="TABLE_CONTENT" value="2" />
    <option name="TABLE_CLOSING" value="3" />
    <option name="TABLE_ALTER_INSTRUCTION_ALIGN" value="false" />
    <option name="POST_OPT_WRAP_1" value="true" />
    <option name="POST_OPT_ALIGN" value="false" />
    <option name="ROUTINE_ARG_COMMA" value="2" />
    <option name="ROUTINE_ARG_ALIGN_TYPES" value="true" />
    <option name="IMP_DECLARE_EL_WRAP" value="1" />
    <option name="IMP_IF_THEN_WRAP_THEN" value="true" />
    <option name="CORTEGE_SPACE_BEFORE_L_PAREN" value="false" />
    <option name="EXPR_CASE_WHEN_WRAP" value="false" />
    <option name="EXPR_CASE_THEN_WRAP" value="true" />
    <option name="PRIMARY_KEY_NAME_TEMPLATE" value="{table}_{columns}_pk" />
  </SybaseCodeStyleSettings>
  <codeStyleSettings language="JAVA">
    <option name="METHOD_CALL_CHAIN_WRAP" value="1" />
    <indentOptions>
      <option name="INDENT_SIZE" value="2" />
      <option name="CONTINUATION_INDENT_SIZE" value="2" />
      <option name="TAB_SIZE" value="2" />
    </indentOptions>
  </codeStyleSettings>
</code_scheme>