<?xml version="1.0" encoding="UTF-8"?>
<metadata modelVersion="1.1.0">
  <groupId>com.manulife.ap</groupId>
  <artifactId>mli-common</artifactId>
  <version>0.0.23-SNAPSHOT</version>
  <versioning>
    <snapshot>
      <timestamp>20180625.091502</timestamp>
      <buildNumber>1</buildNumber>
    </snapshot>
    <lastUpdated>20210715083235</lastUpdated>
    <snapshotVersions>
      <snapshotVersion>
        <extension>jar</extension>
        <value>0.0.23-20180625.091502-1</value>
        <updated>20180625091502</updated>
      </snapshotVersion>
      <snapshotVersion>
        <extension>pom</extension>
        <value>0.0.23-20180625.091502-1</value>
        <updated>20180625091502</updated>
      </snapshotVersion>
    </snapshotVersions>
  </versioning>
</metadata>
