<?xml version="1.0" encoding="UTF-8"?>
<metadata modelVersion="1.1.0">
  <groupId>com.manulife.ap</groupId>
  <artifactId>mli-common</artifactId>
  <version>2.0.0-SNAPSHOT</version>
  <versioning>
    <snapshot>
      <timestamp>20181011.022810</timestamp>
      <buildNumber>1</buildNumber>
    </snapshot>
    <lastUpdated>20210715083243</lastUpdated>
    <snapshotVersions>
      <snapshotVersion>
        <extension>jar</extension>
        <value>2.0.0-20181011.022810-1</value>
        <updated>20181011022810</updated>
      </snapshotVersion>
      <snapshotVersion>
        <extension>pom</extension>
        <value>2.0.0-20181011.022810-1</value>
        <updated>20181011022810</updated>
      </snapshotVersion>
    </snapshotVersions>
  </versioning>
</metadata>
