<?xml version="1.0" encoding="UTF-8"?>
<metadata modelVersion="1.1.0">
  <groupId>com.manulife.ap</groupId>
  <artifactId>rsf-common</artifactId>
  <version>1.0.0-SNAPSHOT</version>
  <versioning>
    <snapshot>
      <timestamp>20210602.022427</timestamp>
      <buildNumber>7</buildNumber>
    </snapshot>
    <lastUpdated>20210602022439</lastUpdated>
    <snapshotVersions>
      <snapshotVersion>
        <extension>jar</extension>
        <value>1.0.0-20210602.022427-7</value>
        <updated>20210602022427</updated>
      </snapshotVersion>
      <snapshotVersion>
        <extension>pom</extension>
        <value>1.0.0-20210602.022427-7</value>
        <updated>20210602022427</updated>
      </snapshotVersion>
    </snapshotVersions>
  </versioning>
</metadata>
