<?xml version="1.0" encoding="UTF-8"?>
<metadata modelVersion="1.1.0">
  <groupId>com.manulife.ap</groupId>
  <artifactId>rsf-base</artifactId>
  <version>1.0.0-SNAPSHOT</version>
  <versioning>
    <snapshot>
      <timestamp>20210320.153058</timestamp>
      <buildNumber>8</buildNumber>
    </snapshot>
    <lastUpdated>20210320153128</lastUpdated>
    <snapshotVersions>
      <snapshotVersion>
        <extension>pom</extension>
        <value>1.0.0-20210320.153058-8</value>
        <updated>20210320153058</updated>
      </snapshotVersion>
    </snapshotVersions>
  </versioning>
</metadata>
