[
  {
    "ignore_create": "false",
    "service_name": "newrelic-service",
    "service_type": "newrelic",
    "service_plan": "NewRelic-APM-PREPROD"
  },
  {
    "ignore_create": "false",
    "service_name": "autoscaler-service",
    "service_type": "app-autoscaler",
    "service_plan": "standard"
  },
  {
    "ignore_create": "false",
    "service_name": "config-server-non-prod-service",
    "service_type": "p-config-server",
    "service_plan": "standard",
    "service_config": "../config/configServer.json"
  }
]